video_current_time,pause_time
1334.22131348,30
195.03666687,0
9.03601837158,44
987.599182129,86
98.7965621948,515
486.387939453,1
712.495910645,16
830.057556152,23
